Rank,First_Name,Last_Name,YOB,NOC,TotalPoints,EvsCurr,EvsPrev,PtsCurr,PtsPrev
1,Alex,Yee,1998,GBR,6386.37,6,6,5346,1040
2,Léo,Bergere,1996,FRA,6243.86,6,6,4875,1369
3,Hayden,Wilde,1997,NZL,5442.82,6,6,4456,987
4,Vincent,Luis,1989,FRA,4759.69,6,5,3685,1075
5,Jelle,Geens,1993,BEL,4632.83,6,3,3937,696
6,Antonio,Serrat Seoane,1995,ESP,4157.1,6,6,2928,1229
7,Matthew,Hauser,1998,AUS,3681.19,6,6,3165,516
8,Manoel,Messias,1996,BRA,3577.51,6,5,3198,379
9,Dorian,Coninx,1994,FRA,3413.01,6,6,2341,1072
10,Vasco,Vilaca,1999,POR,3373.71,6,4,3001,373
11,Lasse,Lührs,1996,GER,3354.5,6,5,3067,287
12,Matthew,Mcelroy,1992,USA,2984.55,6,4,2730,255
13,Kristian,Blummenfelt,1994,NOR,2974.26,3,5,1748,1226
14,Roberto,Sanchez Mantecon,1996,ESP,2866.85,6,4,2505,361
15,Csongor,Lehmann,1999,HUN,2826.84,6,6,2275,552
16,Jawad,Abdelmoula,1994,MAR,2753.12,6,6,2270,483
17,Joao,Silva,1989,POR,2661.21,6,6,2394,267
18,Michele,Sarzilla,1988,ITA,2573.25,6,6,2102,471
19,Pierre,Le Corre,1990,FRA,2569.84,5,2,2228,342
20,Jonas,Schomburg,1994,GER,2557.25,6,6,1899,658
21,Marten,Van Riel,1992,BEL,2528.38,3,6,1211,1317
22,Tom,Richard,1993,FRA,2499.61,6,6,1741,758
23,Adrien,Briffod,1994,SUI,2442.73,5,5,1664,779
24,Sergio,Baxter Cabrera,2000,ESP,2419.6,6,6,1871,548
25,Kenji,Nener,1993,JPN,2321.32,6,6,1765,556
26,Ricardo,Batista,2000,POR,2276.6,6,6,1843,434
27,David,Castro Fajardo,1993,ESP,2230.49,6,6,1886,344
28,Seth,Rider,1997,USA,2230.05,6,6,1476,754
29,Márk,Dévay,1996,HUN,2221.22,6,6,1652,569
30,Diego,Moya,1998,CHI,2195.35,6,6,1704,491
31,Sylvain,Fridelance,1995,SUI,2174.52,6,6,1562,613
32,Makoto,Odakura,1993,JPN,2155.17,6,4,1749,407
33,Jonathan,Brownlee,1990,GBR,2154.34,5,3,1782,372
34,Miguel,Hidalgo,2000,BRA,2125.28,6,6,1598,528
35,Max,Studer,1996,SUI,2080.89,6,2,1753,328
36,Gábor,Faldum,1988,HUN,2079.37,6,5,1758,321
37,Takumi,Hojo,1996,JPN,2055.57,6,6,1305,751
38,Gianluca,Pozzatti,1993,ITA,1993.81,6,6,1661,333
39,Bence,Bicsák,1995,HUN,1981.84,6,4,1630,351
40,Simon,Westermann,1998,SUI,1951.42,6,6,1636,315
41,Shachar,Sagiv,1994,ISR,1933.6,6,4,1753,181
42,Johannes,Vogel,1996,GER,1919.04,6,6,1590,329
43,Brandon,Copeland,1996,AUS,1906.34,6,6,1343,564
44,Barclay,Izzard,1998,GBR,1853.73,6,3,1676,178
45,Tayler,Reid,1996,NZL,1840.47,6,6,1077,764
46,Henri,Schoeman,1991,RSA,1828.02,5,2,1448,380
47,Lasse Nygaard,Priester,1995,GER,1809.9,5,6,1124,686
48,Morgan,Pearson,1993,USA,1802.39,2,3,1164,638
49,Ren,Sato,1995,JPN,1779.52,6,6,1363,416
50,Vetle Bergsvik,Thorn,1999,NOR,1772.84,6,6,1369,404
51,Aoba,Yasumatsu,1997,JPN,1770.64,6,6,1405,365
52,Kevin,Mcdowell,1992,USA,1738.09,4,5,1237,501
53,Richard,Murray,1989,NED,1724.61,6,1,1655,70
54,Jamie,Riddle,2000,RSA,1703.47,6,6,1343,361
55,Charles,Paquet,1997,CAN,1702.24,6,6,1131,572
56,Gustav,Iden,1996,NOR,1687.55,6,2,1412,275
57,Chase,McQueen,1998,USA,1673.21,6,6,1234,439
58,Joao,Pereira,1987,POR,1666.6,6,2,1578,88
59,Irving,Perez,1986,MEX,1641.96,6,6,1184,458
60,Jacob,Birtwhistle,1995,AUS,1617.4,6,4,1203,415
61,Rodrigo,Gonzalez,1989,MEX,1597.07,6,6,1242,355
62,Nicolò,Strada,2000,ITA,1580.25,6,6,1332,248
63,Rostislav,Pevtsov,1987,AZE,1577.64,6,6,1305,273
64,Alberto,Gonzalez Garcia,1998,ESP,1576.93,6,6,1386,191
65,Genis,Grau,1994,ESP,1569.76,6,5,1260,310
66,Samuel,Dickinson,1997,GBR,1565.19,6,4,1289,277
67,Tyler,Mislawchuk,1994,CAN,1532.62,6,4,1141,392
68,Jack,Willis,1997,GBR,1524.69,6,6,1271,254
69,Jeremy,Briand,1995,CAN,1518.04,6,5,1289,229
70,Luke,Willian,1996,AUS,1507.76,6,4,1217,290
71,Callum,Mcclusky,1998,AUS,1502.16,6,5,1189,313
72,Darr,Smith,1998,USA,1492.7,6,6,1191,301
73,Aram Michell,Peñaflor Moysen,1999,MEX,1488.68,6,5,1195,293
74,Crisanto,Grajales,1987,MEX,1452.27,6,5,1044,408
75,Alois,Knabl,1992,AUT,1443.1,6,6,1137,306
76,Maxime,Hueber-Moosbrugger,1996,FRA,1436.44,6,4,1289,147
77,Valentin,Wernz,1995,GER,1433.39,6,6,1049,384
78,Antonio,Bravo Neto,1999,BRA,1431.89,6,6,1150,282
79,Ayan,Beisenbayev,1996,KAZ,1416.78,6,6,1175,242
80,Jumpei,Furuya,1991,JPN,1411.97,6,3,1119,293
81,Radim,Grebík,2001,CZE,1402.64,6,6,1028,375
82,Paul,Georgenthum,2000,FRA,1365.39,6,4,990,375
83,Jannik,Schaufler,1997,GER,1361.65,6,6,1211,150
84,Martin,Sobey,1996,CAN,1357.38,6,6,1149,208
85,Dylan,McCullough,2001,NZL,1341.43,6,6,1049,292
86,Felix,Duchampt,1989,ROU,1341.37,6,4,1144,197
87,Ramón Armando,Matute,1994,ECU,1338.71,6,1,1275,64
88,Genta,Uchida,1997,JPN,1334.26,6,6,995,339
89,Noah,Servais,1997,BEL,1319.58,6,6,908,412
90,Juan Jose,Andrade Figueroa,1993,ECU,1271.66,6,4,1048,224
91,Leon,Pauger,1998,AUT,1259.93,6,6,1021,239
92,Jason Tai Long,Ng,2000,HKG,1230.02,6,1,1170,60
93,Gabriel,Terán Carvajal,2001,ECU,1222.23,6,3,1066,156
94,Janus,Staufenberg,1999,NZL,1220.46,6,3,1064,157
95,Tim,Hellwig,1999,GER,1198.48,5,6,420,778
96,Gaspar,Riveros,1990,CHI,1193.69,6,6,910,284
97,Vitalii,Vorontsov,2000,UKR,1189.81,6,6,1011,179
98,Emil,Holm,1996,DEN,1189.13,6,3,1037,152
99,Bob,Haller,1993,LUX,1176.22,6,6,910,267
100,Simon,Henseleit,2000,GER,1140.9,4,6,820,321
101,Fabian,Meeusen,1998,SUI,1139.44,6,6,1010,130
102,Luke,Bate,1999,AUS,1138.51,6,6,704,434
103,Nicola,Azzano,1997,ITA,1117.67,6,6,642,476
104,Oscar,Dart,2001,AUS,1103.5,6,5,849,255
105,Alessio,Crociani,2001,ITA,1102.94,6,6,673,429
106,Aleksandr,Kurishov,1995,UZB,1094.42,6,2,967,127
107,James,Edgar,1998,IRL,1090.23,6,4,958,132
108,Liam,Donnelly,1999,CAN,1083.39,6,2,980,103
109,Yanis,Seguin,2000,FRA,1072.87,6,5,865,208
110,Carlos Javier,Quinchara Forero,1988,COL,1068.04,6,5,879,189
111,Max,Stapley,1999,TRI,1053.42,6,5,723,330
112,Richard,Varga,1989,SVK,1051.87,6,5,887,165
113,Saxon,Morgan,2000,NZL,1038.98,6,6,765,274
114,Gregor,Payet,1995,LUX,1034.42,6,6,888,147
115,Aiden,Longcroft-Harris,1998,CAN,1034,6,2,993,41
116,Marcin,Stanglewicz,2002,POL,1033.38,6,6,849,184
117,Valentin,Morlec,1999,FRA,1032.41,6,6,665,368
118,Kye,Wylde,1997,AUS,1025.91,6,3,901,125
119,Brock,Hoel,2001,CAN,1017.34,6,1,949,68
120,Nicholas,Quenet,1997,RSA,1009.13,4,4,766,243
121,Martin,Demuth,1995,AUT,1000.74,6,6,776,225
122,Grant,Sheldon,1994,GBR,993.88,6,4,758,236
123,Ben,Dijkstra,1998,GBR,987.56,6,1,906,82
124,Daniel,Dixon,2002,GBR,983.24,5,5,685,298
125,John,Reed,2001,USA,958.93,6,5,850,109
126,Tyler,Smith,1998,BER,951.95,6,5,755,197
127,Matthew,Wright,1992,BAR,948.28,6,1,917,31
128,Mitsuho,Mochizuki,2000,JPN,940.91,6,6,795,146
129,Kyotaro,Yoshikawa,2000,JPN,939.05,6,6,586,354
130,Kauê,Willy,1996,BRA,936.93,6,4,747,190
131,Oscar,Coggins,1999,HKG,930.86,6,3,759,171
132,Arnaud,Mengal,1997,BEL,929.45,6,5,768,161
133,Gabriel,Sandör,1996,SWE,926.95,6,6,539,388
134,Tjebbe,Kaindl,1999,AUT,926.12,6,6,714,213
135,Gergely,Kiss,2001,HUN,921.98,6,4,869,53
136,Mathis,Beaulieu,2004,CAN,915.38,6,1,883,32
137,Erwin,Vanderplancke,1995,BEL,914.67,6,6,555,360
138,Kurt,Wesley,1997,AUS,914.49,6,3,773,141
139,Cedric,Osterholt,2000,GER,908.14,6,3,827,81
140,Clayton,Hutchins,1995,CAN,901.96,6,3,778,124
141,Jorge,Alarcon Familiar,1999,MEX,897.23,6,3,825,72
142,Badr,Siwane,1994,MAR,885.82,6,4,686,200
143,Jonas,Osterholt,2000,GER,864.18,6,5,744,121
144,Marc,Dubrick,1994,USA,861.44,5,6,550,311
145,Chris,Ziehmer,2000,GER,861,6,4,716,145
146,Brent,Demarest,1995,USA,858.93,5,5,509,350
147,Guillaume,Hay,2000,FRA,855.5,6,4,748,108
148,Nanhe,Wang,2003,CHN,854.45,6,0,854,0
149,Lukas,Pertl,1995,AUT,852.47,6,6,706,147
150,Arthur,Berland,1999,FRA,851.72,3,6,532,320
151,Tamás,Tóth,1989,HUN,850.84,6,5,615,236
152,Maciej,Bruzdziak,1998,POL,839.77,6,6,667,173
153,Matthew,Roberts,1996,AUS,839.07,5,4,639,200
154,Esteban,Basanta Fouz,2002,ESP,838.42,6,3,785,53
155,Benjamin,Zorgnotti,1994,TAH,835.84,6,6,687,149
156,Diego Alfredo,Perez Flores,1995,MEX,834.3,6,4,679,155
157,Trent,Thorpe,1996,NZL,829.95,6,6,474,356
158,Federico,Scarabino,1996,URU,827.72,6,3,787,41
159,Luke,Schofield,1999,AUS,812.18,6,6,465,347
160,Stefan,Zachäus,1990,LUX,804.86,6,4,700,105
161,Harry,Leleu,1996,GBR,791.91,6,6,443,349
162,Kyle,Smith,1997,NZL,790.46,4,0,790,0
163,Mitch,Kolkman,2002,NED,789.84,6,6,679,111
164,Luis Miguel,Velasquez Ramos,1994,VEN,781.96,6,0,782,0
165,Filip,Mainville,2000,CAN,780.33,6,1,714,66
166,Jordi,García Gracia,1992,ESP,776.75,6,4,732,45
167,Michał,Oliwa,1997,POL,775.99,6,6,613,163
168,Benedikt,Bettin,2001,GER,771.74,6,3,680,92
169,Austin,Hindman,1998,USA,768.72,4,6,463,306
170,Russell,Pennock,1995,CAN,763.97,5,2,662,102
171,Donald,Hillebregt,1992,NED,762.31,6,6,637,126
172,Tsz To,Wong,1998,HKG,761.64,6,1,692,70
173,Iestyn,Harrett,1993,GBR,761.04,5,3,667,94
174,Andreas,Carlsson,2001,SWE,755.75,6,5,667,89
175,David,Nuñez,1992,MEX,752.55,4,4,530,223
176,Ka'eo,Kruse,1998,USA,742.03,6,0,742,0
177,Tzu I,Pan,2000,TPE,738.09,6,2,685,53
178,Philip,Pertl,1998,AUT,735.75,6,6,571,165
179,Miguel Tiago,Silva,1998,POR,732.04,6,6,478,254
180,Hamish,Reilly,2002,GBR,731.27,6,1,726,5
181,Nicholas,Holmes,2002,USA,729.18,6,4,666,63
182,Eric,Diener,2000,GER,720.55,6,6,525,196
183,Temirlan,Temirov,1996,KAZ,719.58,6,3,701,19
184,Mario,Mola,1990,ESP,707.33,4,2,511,197
185,Koki,Yamamoto,1996,JPN,699.21,6,2,640,60
186,Connor,Bentley,2001,GBR,698.2,5,4,439,259
187,Igor,Bellido Mikhailova,2002,ESP,697.42,6,3,617,80
188,Jan,Volar,1992,CZE,692.52,6,6,478,214
189,Solen,Wood,2001,CAN,686.11,6,1,654,32
190,Vicente,Trewhela,1995,CHI,684.46,6,5,491,194
191,Qing,Chen,1999,CHN,683.05,6,0,683,0
192,Felipe,Bianchi,1994,BRA,678.25,6,5,544,135
193,Anthony,Pujades,1991,FRA,673.54,1,2,448,226
194,Andrew,Shellenberger,2002,USA,671.52,6,6,541,130
195,Dylan,Nortje,1997,RSA,670.26,4,4,459,211
196,Thomas,Bishop,1991,GBR,655.81,4,3,468,188
197,Zsombor,Dévay,2000,HUN,651.17,6,6,506,146
198,Davis,Bove,2000,USA,639.36,6,2,572,67
199,Erik Yamir,Ramos Croda,2001,MEX,637.44,6,4,517,121
200,Toshiki,Sakakibara,1994,JPN,636.39,6,3,554,83
201,Michael,Arishita,1994,USA,631.03,6,1,614,17
202,David,Mendoza,1992,MEX,628.68,4,2,536,92
203,Baptiste,Massot,2001,FRA,625.88,6,3,514,112
204,Casper,Stornes,1997,NOR,621.65,2,5,393,229
205,Jan,Diener,2002,GER,619.43,6,1,588,32
206,Alvaro,Campos Solano,2000,CRC,616.34,6,3,533,84
207,Jayden,Schofield,1999,AUS,614.9,6,4,418,197
208,Satoshi,Iwamoto,1996,JPN,612.14,4,4,446,166
209,Lorcan,Redmond,2000,AUS,607.15,4,3,433,174
210,Lachlan,Haycock,2000,NZL,599.66,6,4,480,120
211,Daryn,Konysbayev,1999,KAZ,587.03,5,3,421,166
212,Louis,Vitiello,1998,FRA,586.87,3,3,479,108
213,Maxime,Fluri,1999,SUI,580.73,6,1,570,11
214,Oscar,Gladney Rundqvist,2000,DEN,577.18,6,3,537,40
215,Gültigin,Er,1997,TUR,574.67,6,3,540,35
216,Michael,Ziegler,1998,SUI,574.35,5,1,564,11
217,Jean Gael Laurent,L`entete,1996,MRI,564.4,6,2,535,29
218,James,Tan,1997,HKG,558.16,6,1,514,44
219,Siefeldeen,Ismail,2001,EGY,555.66,6,0,556,0
220,Loris,Lala,2002,FRA,553.28,5,1,537,16
221,Joshua,Ferris,2001,AUS,553.26,2,3,383,171
222,Junjie,Fan,2001,CHN,552.94,6,0,553,0
223,Hokuto,Obara,1998,JPN,550.03,5,2,495,55
224,Mateo,Mendoza Burgos,2001,CHI,541.42,6,4,467,74
225,James,Corbett,2002,NZL,538.44,6,4,414,125
226,Nan,Oliveras,1993,ESP,538.11,4,0,538,0
227,Itamar,Eshed,2000,ISR,534.7,6,4,511,23
228,Justus,Nieschlag,1992,GER,534.43,3,5,216,318
229,Josiah,Ney,2000,CAN,533.85,4,3,433,101
230,Oliver,Turner,1998,GBR,533.69,4,5,496,38
231,David,Cantero Del Campo,2003,ESP,531.21,6,0,531,0
232,Dylan Didier,Campa Carranza,2000,MEX,530.92,6,2,496,35
233,Brian,Moya,1993,COL,530.8,5,1,506,25
234,Shing Him,Yu,1999,HKG,528.26,6,1,488,41
235,Tomas,Zikmund,1999,CZE,520.39,6,5,397,123
236,Robin,Elg,2002,HKG,519.97,5,2,486,34
237,Henry,Räppo,1998,EST,510.42,6,6,393,117
238,Matheus,Diniz,1990,BRA,507.2,5,2,403,105
239,Dominic,Coy,2002,GBR,506.53,4,2,436,71
240,Theo,Texereau,2001,FRA,505.72,4,4,425,81
241,Aurelien,Raphael,1988,FRA,504.76,2,4,309,196
242,Lachlan,Jones,2000,AUS,504.6,4,4,383,122
243,Jack,Stanton-Stock,2002,GBR,497.94,5,0,498,0
244,Bradley,Course,2004,AUS,493.1,3,1,455,38
245,Taishi,Furuyama,1995,JPN,488.08,6,1,475,13
246,Sam,Parry,2003,NZL,484.82,5,2,428,57
247,Nathan,Lessmann,1998,FRA,477.63,3,1,452,25
248,Nathan,Grayel,1995,FRA,477.62,3,5,254,224
249,Yhousman David,Perdomo Peña,1996,VEN,476.22,6,0,476,0
250,Angel,Sanchez Carreras,2000,ESP,475.46,6,3,453,23
251,Jorik,Van Egdom,1995,NED,474.82,4,3,393,81
252,Victor,Goené,1999,NED,472.58,6,6,368,105
253,Arslon,Tursunov,2001,UZB,472.48,6,1,449,24
254,Yago,Alves,1998,BRA,469.8,6,5,306,164
255,Ivan,Anzaldo,1998,ARG,469.1,6,0,469,0
256,James,Chantler-Mayne,2000,GBR,467.2,6,0,467,0
257,Pablo Yariel,Granados Orozco,2002,GUA,464.78,6,0,465,0
258,Antoine,Duval,1995,FRA,461.9,1,6,141,321
259,Alexis,Lherieau,2000,SUI,460.77,6,1,454,7
260,Fabian,Villanueva Moehl,1993,MEX,459.57,6,6,300,160
261,Delian,Stateff,1994,ITA,459.16,5,6,197,262
262,Itamar,Levanon,2001,ISR,454.99,6,2,433,22
263,Andrea,Salvisberg,1989,SUI,453.39,1,3,202,252
264,Luciano,Taccone,1989,ARG,451.65,4,3,396,55
265,Jørgen,Gundersen,1995,NOR,447.06,5,3,385,62
266,Jose Luis,Cordova,1991,MEX,445.2,5,2,371,74
267,Sergiy,Polikarpenko,1998,ITA,440.91,5,1,394,47
268,Cristóbal,Baeza Muñoz,2002,CHI,440.43,4,4,336,104
269,Roee,Zoarets,1994,ISR,434.89,6,2,426,9
270,Peter,Rojtas,2002,SVK,433.45,6,1,418,15
271,Thomas,Sonnery-Cottet,1998,USA,429.78,6,5,313,117
272,Joao,Mansos,1994,POR,429.7,6,1,417,13
273,Griff,Morgan,1998,USA,429.1,6,3,381,48
274,Nabil,Kouzkouz,1998,MAR,425.92,3,0,426,0
275,Gordon,Benson,1994,GBR,425.19,0,6,0,425
276,Janarold,Martinez,1999,PUR,423.73,6,1,410,13
277,Cheung Sing Nicholas,Tsang,2000,HKG,423.12,6,1,405,19
278,Jesús,Jimenez Gimeno,2001,ESP,423.06,6,2,410,13
279,Jorge Raul,Cabinal Gramajo,2003,GUA,420.96,6,0,421,0
280,Ibrahim,Alucin,1998,ARG,418.24,6,1,338,80
281,Henry,McMecking,2003,NZL,415.22,5,1,397,18
282,Meirlan,Iskakov,1997,KAZ,414.83,5,4,287,128
283,Pavlos,Antoniades,2000,CAN,414.33,4,3,284,131
284,Till,Kramp,2002,GER,410.88,5,1,400,11
285,Andree,Buc,2004,CHI,410.87,4,1,389,21
286,Henry,Graf,2002,GER,406.81,3,5,228,178
287,Eduardo,Nuñez Gomez,2002,MEX,405.46,6,2,330,75
288,Jan,Bader,2002,AUT,405.2,6,2,366,39
289,Ben,Fäh,2002,SUI,402.03,4,4,360,42
290,Teppei,Tokuyama,2002,JPN,398.37,5,4,296,102
291,Chris,Gregor,1999,CAN,397.75,3,2,380,17
292,Toby,Powers,2003,AUS,395.84,4,3,352,43
293,Nathan F.,Cohen,1998,USA,394.66,6,4,276,119
294,Kevin,Milian González,2003,CUB,394.17,6,0,394,0
295,Peter,Denteneer,1990,BEL,393.41,6,4,317,77
296,João Teixeira,Alvares,1998,BRA,391.53,6,0,392,0
297,Hugo Mario,Ruiz Dimate,1997,COL,391.21,5,4,293,98
298,Aaron,Royle,1990,AUS,389.23,1,3,57,332
299,Reese,Vannerson,2005,USA,389.11,3,0,389,0
300,Mohanad,Elshafei,1999,EGY,387.19,4,0,387,0
301,Alejandro,Rodriguez Diez,2001,CUB,386.94,5,0,387,0
302,Fernando,Alarza,1991,ESP,384.8,0,2,0,385
303,Austin,Carter,2001,NZL,382.45,5,2,306,76
304,Oliver,Larcombe,2003,NZL,377.95,5,1,361,17
305,Ian,Pennekamp,2001,NED,375.42,3,3,267,108
306,Jérémy,Quindos,1991,FRA,373.31,3,1,311,63
307,Yoann,Colin,1998,AUS,371.6,6,1,353,18
308,Andrés,Prieto Villar,2003,ESP,366.25,5,1,333,33
309,Pierre,Moraz,1999,SUI,366.06,6,3,324,42
310,Sasha,Caterina,2000,SUI,363.57,6,6,195,169
311,Niklas,Keller,2002,AUT,362.34,6,2,333,29
312,Christopher,Perham,1995,GBR,360.55,4,3,321,40
313,David,Martin,1998,CZE,357.63,6,6,190,168
314,Seifeddine,Selmi,2001,TUN,357.59,4,0,358,0
315,Ander,Noain Lacamara,1999,ESP,357.24,5,6,194,163
316,Mingxu,Li,1998,CHN,355.93,3,0,356,0
317,Noah,Künz,2002,AUT,354.76,5,1,352,2
318,Shiruba,Taniguchi,1994,JPN,353.68,4,1,339,14
319,Matheus,Oliveira Martinhaki,2002,BRA,353.63,6,1,327,27
320,Johannes,Sikk,1999,EST,351.31,6,2,343,8
321,Ryoya,Tamazaki,1998,JPN,350.41,3,5,96,255
322,Kevin Tarek,Viñuela Gonzalez,1995,ESP,346.61,4,0,347,0
323,Michele,Bortolamedi,2001,ITA,345.11,3,5,206,139
324,Thomas,Guilmot,2000,BEL,343.72,6,1,341,3
325,Artūrs,Liepa,2003,LAT,343.59,6,2,318,26
326,Panagiotis,Bitados,2003,GRE,342.4,2,0,342,0
327,Esteban,Tibocha,2002,COL,340.77,5,1,329,11
328,Fernando,Jacome,2002,CHI,339.63,5,3,251,89
329,Ian,Manthey,1993,IRL,336.15,6,2,316,20
330,Luke,McCarron,1998,IRL,335.03,6,0,335,0
331,Briac,Tence,2002,FRA,334.79,6,2,308,27
332,Florin,Salvisberg,1990,SUI,332.9,0,3,0,333
333,Kanta,Ando,2001,JPN,329.34,5,1,278,51
334,Samuele,Angelini,1999,ITA,329.3,6,3,292,37
335,Ricardo,Morales Vásquez,2000,MEX,328.9,4,2,211,118
336,Amu,Omuro,2004,JPN,318.52,4,0,319,0
337,Jonas,Breinlinger,1994,GER,313.04,0,6,0,313
338,Petter,Vega,1996,PAN,312.86,4,2,272,41
339,Magnus,Männer,1999,GER,312.28,5,2,257,55
340,Mohamad,Alsabbagh,1990,SYR,311.69,5,4,232,79
341,Jesus Gildardo,Espiritu,1999,MEX,308.88,4,1,292,17
342,Tak Long,Yip,2004,HKG,308.57,6,0,309,0
343,Takuto,Oshima,2005,JPN,308.44,3,0,308,0
344,Matias Sebastian,Bravo Delgado,2002,ECU,307.88,3,1,279,29
345,Flavio,Morandini,1994,ARG,304.11,4,0,304,0
346,Boris,Pierre,2000,FRA,303.11,2,2,214,89
347,Justus,Töpper,2002,GER,299.07,3,2,230,69
348,Thomas,Castañeda Maldonado,2004,ARG,298.92,5,0,299,0
349,Raf,De Dobbelaere,2003,BEL,298.04,5,1,296,2
350,Peter,Luftensteiner,1999,AUT,297.93,6,1,264,34
351,Enes,Kızılcık,2001,TUR,294.84,6,2,279,16
352,Sebastian,Wernersen,2002,NOR,292.38,6,3,254,38
353,Brodie,Marshall,1998,CAN,289.6,4,5,139,151
354,Yunfeng,Teng,2002,CHN,286,3,0,286,0
355,Leo,Roy,2002,CAN,284.01,4,3,246,38
356,Gabriel,Lecheta,1996,BRA,282.62,4,2,251,32
357,Tomas,Kriz,2000,CZE,281.36,6,5,193,88
358,Filip,Tlamka,2002,CZE,279.77,6,3,244,36
359,Mateusz,Gluszkowski,2001,POL,274.18,6,6,151,123
360,Gergő,Dobi,2002,HUN,274.09,6,2,249,26
361,Mohamed,Nemsi,1996,MAR,272.63,2,0,273,0
362,Davide,Ingrilli,2000,ITA,272.53,3,5,188,84
363,Gaspard,Tharreau,2004,FRA,271.88,2,1,256,16
364,Adrien,Deharre,2000,BEL,259.29,5,2,221,39
365,Sullivan,Middaugh,2004,USA,258.74,4,0,259,0
366,Ji Hwan,Kim,1990,KOR,256.21,5,0,256,0
367,Alessandro,Fabian,1988,ITA,253.4,0,5,0,253
368,Pau,Noguera Salmeron,2000,ESP,249.66,3,1,248,1
369,Eloi,Adjavon,1992,TOG,248.15,4,0,248,0
370,Antonio,Benito Lopez,1994,ESP,247.88,1,0,248,0
371,Hugo,Milner,1998,GBR,246.18,2,0,246,0
372,Arne,Leiss,2001,GER,246.04,4,3,200,46
373,Jorge Emmanuel,Alemañez Martínez,2003,CUB,244.46,5,0,244,0
374,Ivan Eduardo,Castro Garcia,1995,MEX,242.03,2,3,176,66
375,Maximilian,Sperl,1994,GER,238.91,2,3,221,18
376,Wan Hyuk,Kim,1996,KOR,237.1,5,0,237,0
377,Nicolas,Harvey,2002,CAN,236.67,4,1,215,22
378,Juan,Gonzalez Garcia,2002,ESP,236.05,5,1,218,18
379,Léo,Fernandez,2003,FRA,235.32,3,0,235,0
380,Andrew,Trouard,1994,USA,235.28,4,0,235,0
381,João Nuno,Batista,2005,POR,234.81,3,1,173,62
382,Silas,Schmitt,2001,GER,229.09,5,1,221,8
383,Jack,Crome,2004,AUS,226.97,5,1,215,12
384,Youssef,El Moutaouakil,1999,MAR,226.49,2,0,226,0
385,Valdemar,Solok,2001,DEN,224,1,4,193,31
386,Blake,Harris,2004,CAN,222.95,4,0,223,0
387,Artjoms,Gajevskis,2000,LAT,219.7,5,2,215,4
388,Saud,Alzaabi,1988,UAE,217.38,2,0,217,0
389,Gjalt,Panjer,2002,NED,217.14,2,6,96,121
390,Ivan,Abele,2003,NZL,216.63,4,2,175,41
391,Alexandre,Nobre,1994,POR,215.24,3,6,96,119
392,Adnan,Zaki,2004,SYR,215.18,2,0,215,0
393,Jonathan,Oakey,2000,IRL,213.46,4,0,213,0
394,Alexandre,Leblanc,2003,CAN,212.41,4,0,212,0
395,Pablo,Isotton,2004,FRA,212.33,2,0,212,0
396,Yael Vladimir,González Melendez,2003,MEX,209.97,2,0,210,0
397,André,Dias,1996,POR,209.69,4,3,186,23
398,Cameron,Main,1999,GBR,208.24,0,6,0,208
399,Christiaan,Stroebel,2001,RSA,206.68,0,4,0,207
400,Charlie,Quin,1995,AUS,206.15,1,4,7,199
401,Omar,Ali,2000,BRN,206.07,2,0,206,0
402,Abdallah,Abushabab,1997,PLE,205.64,2,0,206,0
403,Joris,Basslé,1999,BEL,205.09,4,4,152,54
404,Miguel Angel,Márquez Alemán,1991,MEX,203.25,3,1,178,25
405,Ismael,Sosa,2001,URU,202.9,3,0,203,0
406,Abdulaziz,Alduaij,2001,KUW,201.08,2,0,201,0
407,Diego Alejandro,Lopez Acosta,1997,MEX,201.07,1,4,89,112
408,Tiago,Fonseca,1999,POR,200.62,5,5,136,64
409,Thomas,Hansmaennel,2004,FRA,200,1,0,200,0
410,Baptiste,Passemard,2001,FRA,199.8,2,4,60,139
411,Abdulrahman,Mubarak,2002,BRN,199.05,2,0,199,0
412,Yunxiang,Ma,2003,CHN,198.36,2,0,198,0
413,Oliver,Batista,2005,PAN,195.98,3,0,196,0
414,Nicolò,Ragazzo,1999,ITA,195.36,5,1,181,14
415,Armin,Angerjärv,1999,EST,194.52,5,0,195,0
416,Rico,Bogen,2000,GER,193.97,3,3,139,55
417,Lukas,Prokopavicius,2001,LTU,192.32,4,2,175,17
418,Luke,Scott,2001,NZL,191.74,4,0,192,0
419,Jimmy,Lund,1999,GBR,189.63,3,1,150,39
420,Ognjen,Stojanovic,1990,SRB,188.55,2,4,134,55
421,Kevin,Vabaorg,1998,EST,188.09,3,3,143,45
422,Niels,Van Lanen,2003,NED,188.02,3,2,157,31
423,Janne,Büttel,2002,GER,187.8,5,1,161,27
424,Ryan,Lund,1998,USA,187.07,5,1,149,38
425,Aurelien,Jem,1996,FRA,186.62,3,0,187,0
426,Tristen,Jones,2001,CAN,185.91,3,2,169,17
427,Raul Alberto,Ruiz Valenzuela,2000,MEX,184.8,2,3,96,88
428,Yujia,Tong,1998,CHN,183.31,3,0,183,0
429,Euan,De Nigro,2004,ITA,181.79,2,1,172,9
430,Jeisson Leonardo,Fierro Calderon,2001,COL,181.52,3,0,182,0
431,Jakob,Medved,2002,SLO,180.95,3,0,181,0
432,Diego Alejandro,Gomez Melgar,2000,GUA,180.93,3,0,181,0
433,Jaehyeon,Jo,1999,KOR,180.27,6,0,180,0
434,Diego,Lucero,2003,PAN,178.6,3,0,179,0
435,Oliver,Janny,2000,AUT,178.59,6,3,168,10
436,Reo,Ishizeki,1998,JPN,177.41,2,4,46,131
437,Lars,Holenweger,1998,SUI,175.05,2,4,48,127
438,Edgar Andrés,Bermúdez Muñoz,1999,COL,174.76,3,0,175,0
439,Melvin Rafael,Martinez Fernandez,2002,DOM,174.17,2,0,174,0
440,Ali,Rezvani,2000,IRI,173.46,1,1,95,79
441,Gerónimo,Dherete,1999,ARG,173.08,4,0,173,0
442,Andres,Gras,2004,CHI,172.78,4,0,173,0
443,Daniel,Nou,1999,SWE,170.58,4,3,151,20
444,Gonçalo,Oliveira,2001,POR,169.09,6,1,161,8
445,Nicolas,Probert Vargas,2003,MEX,169.02,3,0,169,0
446,Cesar Xavier,Criollo Matute,2003,ECU,168.73,2,2,126,43
447,Fabian,Kraft,1999,GER,167.73,3,0,168,0
448,Sage,Sulentic,2004,CAN,164.82,3,0,165,0
449,Ehab,Khallouf Darkalt,2000,SYR,164.43,2,0,164,0
450,Chia-Hao,Chang,2000,TPE,163.85,2,2,97,67
451,Rinel,Pius,1999,EST,163.65,4,0,164,0
452,Márton,Kropkó,2005,HUN,162.79,3,1,162,1
453,Andres,Hilario Morales,1999,ESP,160.96,2,2,154,7
454,Lukas,Hollaus,1986,AUT,159.54,2,3,88,72
455,David,Vega Campoverde,2004,ECU,159.38,2,1,116,43
456,Samuel Abraham,Piña Barco,2000,VEN,158.95,4,0,159,0
457,Kwangjun,Pak,1999,KOR,158.25,3,1,143,15
458,Rory,Thornhill,2002,AUS,157.53,3,0,158,0
459,Niko,Matas,2003,CRO,156.89,3,2,135,22
460,Casimir,Moine,1999,FRA,156.64,3,2,142,15
461,Fabian,Schönke,2003,GER,155.87,2,0,156,0
462,Lleyton,Wall,2002,AUS,155.27,3,1,145,10
463,Filip,Michalek,2001,CZE,155.09,3,3,85,70
464,Luke,Anthony,2004,USA,153.75,2,0,154,0
465,Petter,Ellingsbø,2000,NOR,153.22,4,2,139,15
466,Pablo,Herrera,1992,CRC,152.91,3,0,153,0
467,Yegor,Martynenko,1987,UKR,152.09,5,4,99,53
468,Tomas,Tolkunov,1998,SVK,151.28,3,2,135,17
469,Benjamin,Airey,2005,NZL,151.14,3,0,151,0
470,Oussama,Hellal Berrouane,1996,ALG,150.2,3,1,137,13
471,Christophe,De Keyser,1993,BEL,149.99,0,4,0,150
472,Gyula,Kovács,2004,HUN,149.53,3,1,147,2
473,David,Lang,2005,LUX,149.3,2,0,149,0
474,Povilas,Strazdas,1996,LTU,149.24,3,1,136,13
475,William,Nolet,2002,CAN,148.7,3,1,142,7
476,James,Kadziak,2002,POL,148.41,4,1,147,2
477,Lionel,Sanders,1988,CAN,148.13,1,0,148,0
478,Oscar,Lilja,2004,SWE,146.52,4,0,147,0
479,Peyton,Craig,2005,AUS,142.88,1,1,116,27
480,Erick,Rogoz,2001,ROU,142.01,5,2,126,16
481,Brayden,Mercer,2004,AUS,141.25,1,2,85,56
482,Brett,Saunders,1997,CAN,140.84,3,0,141,0
483,Ludovic,Séchaud,2000,SUI,140.3,4,6,70,70
484,Kamran,Khodjaev,2002,UZB,140.01,1,1,55,85
485,Luke,Burns,1998,AUS,138.06,0,3,0,138
486,Georgiy,Klimenko,1999,RUS,137.8,0,4,0,138
487,Sam,Hart,2000,GBR,137.1,3,0,137,0
488,Adoh,Doherty,1995,USA,137.08,4,1,132,5
489,Michael,Simard,2001,CAN,135.9,1,3,74,62
490,Jordan,Rieck,2003,AUS,135.55,3,1,126,9
491,Thibaud,Decurnex,1998,SUI,133.34,6,1,123,11
492,Fernando José,Casares Tan,1996,PHI,132.15,2,0,132,0
493,Yui Fung,Chan,2006,HKG,132,3,0,132,0
494,Minho,Kweon,2000,KOR,131.96,3,0,132,0
495,Hugo,Winock,2000,FRA,131.43,2,1,94,37
496,Pedro Afonso,Gaspar,1994,POR,130.58,4,0,131,0
497,Steven,López  Fuentes,2005,CRC,130.46,2,0,130,0
498,Eduardo,Blanco Mollá,2002,ESP,129.71,3,0,130,0
499,Humberto,Castañeiras Jenner,2002,MEX,128.7,4,0,129,0
499,Gabriel Joaquin,Quito Tello,2004,ECU,128.7,2,0,129,0
501,Kurt,McDonald,1999,AUS,128.07,0,4,0,128
502,Luca,Bruni,2001,ITA,127.85,2,0,128,0
503,Marcel,Walkington,1993,AUS,127.28,0,2,0,127
504,Liam,Dixon,2003,AUS,127.07,2,2,96,31
505,Junhao,Li,2002,CHN,127.06,3,0,127,0
506,Martin,Baeza Muñoz,2001,CHI,126.29,0,3,0,126
507,Arnaud,Des Boscs,1999,FRA,125.85,1,3,27,98
508,Keller,Norland,2003,USA,125.31,1,3,86,40
509,Thomas,Feldmann,2004,AUS,125.15,1,2,100,25
510,Lukas,Kollegger,1997,AUT,124.72,6,3,107,18
511,Neilan,Kempmann,2001,GER,124.07,3,0,124,0
512,Rodrigo,Probert González,2002,MEX,123.6,3,2,95,28
513,Denis,Kolobrodov,2001,RUS,123.55,0,2,0,124
514,Russell,White,1992,IRL,122.6,2,5,63,59
515,Adrian,Zgaljic,1992,CRO,121.98,2,1,111,11
516,Andy,Barros Peralta,2006,ECU,121.41,2,0,121,0
517,Caleb,Meistre,2003,RSA,120.9,2,1,99,22
518,James,Olson-Keating,2002,CAN,118.9,2,2,97,22
519,Ul,Denša,2004,SLO,117.45,4,0,117,0
519,Wilhelm,Hirsch,1998,GER,117.45,1,0,117,0
521,Jacopo,Butturini,1991,CRO,117.39,3,2,103,14
522,Sayed,Sherif,2004,EGY,117.25,2,1,105,13
523,Tuan Chun,Chang,1994,TPE,115.88,1,2,50,66
524,Issoufou,Sani Boureima,1998,NIG,114.93,1,1,96,19
525,Luca,Luberti,2002,SUI,114.79,2,2,57,58
526,Milan,Tomin,1996,SRB,114.67,0,5,0,115
527,Axel,Rosencrantz,2002,SWE,114.59,2,1,113,1
528,Cristopher Alexander,Cardenas Jimenez,2005,VEN,114.24,2,0,114,0
529,Joran,Driesen,1993,BEL,113.61,2,0,114,0
530,Grigory,Antipov,1999,RUS,113.48,0,5,0,113
531,Zed,Roy,2000,CAN,113.38,2,1,106,7
532,Fiorenzo,Angelini,2004,ITA,113.35,2,2,89,24
533,Lucas,Cambresy,2002,LUX,112.57,3,2,88,25
534,Jett Lee,Curteis,2005,SAM,112.5,1,0,113,0
535,Chi,Zhang,2000,CHN,112.41,1,0,112,0
536,Martin,Štefan,1996,CRO,111.77,3,0,112,0
537,Igor Georgij,Kozlovskij,1992,LTU,111.43,2,0,111,0
538,Ryan,Fisher,1991,AUS,108.65,1,1,49,59
539,Braxton,Legg,2005,USA,108.23,1,0,108,0
540,Monty,Dixon,2003,AUS,108.11,1,3,66,42
541,Bence,Lehmann,1997,HUN,107.88,1,3,51,57
542,Francesco,Gazzina,2002,ITA,106.72,2,0,107,0
543,Lotfi,Benatmane,1998,ALG,106.55,2,0,107,0
544,Hayden,Woodrow,2003,CAN,104.11,1,0,104,0
545,Jake,Baugher,2000,USA,104.1,2,2,74,31
546,Nikotimasi Tu'enadi,Croker,2004,FIJ,104.06,1,0,104,0
546,Hamadel Nestor,Ndiaye,1996,SEN,104.06,1,0,104,0
548,Juan Jose,Giraldo Gomez,1997,COL,103.91,3,0,104,0
549,Benjamín,Adriazola,2003,CHI,103.85,2,1,88,16
550,Jack,Spence,2003,RSA,103.76,1,2,33,70
551,Joaquin,Solis Narvaez,2002,ECU,103.59,2,1,76,27
552,Vlad Adrian,Remzing,2001,ROU,102.59,2,2,84,19
553,Ilya,Prasolov,1994,RUS,102.46,0,4,0,102
554,John,Rasmussen,1991,CAN,102.43,0,5,0,102
555,Martin,Garcia,2001,ECU,102.1,2,0,102,0
556,Žiga,Podgoršek,2003,SLO,102.02,2,0,102,0
557,Matias,Campi,2001,ARG,101.66,3,0,102,0
558,Lautaro,Delgado,2002,ARG,101.42,3,0,101,0
559,Shachar,Agur,2002,ISR,101.36,4,2,88,14
560,Marcel,Lehmberg,1992,GER,101.3,3,0,101,0
561,Džiugas,Karklelis,2003,LTU,99.87,2,0,100,0
562,Balte,Thijs,2003,BEL,99.53,2,0,100,0
563,Simeon,Dolinschek,2005,AUT,99.15,1,0,99,0
564,Dorian,Horsten,2001,NED,98.36,3,0,98,0
565,Fabian,Roman,1992,PUR,97.02,2,1,85,12
566,Carter,Stuhlmacher,2004,USA,96.3,1,0,96,0
567,Zakaria,Chtioui,2004,TUN,96.26,1,0,96,0
568,Alexandru,Ion,1998,ROU,93.82,2,1,83,11
569,Allan,Naranjo Avendaño,2002,CRC,93.75,1,0,94,0
569,Niel,Skinner,2003,BAR,93.75,1,0,94,0
571,Döme,Hornyák,2001,HUN,93.35,3,0,93,0
572,Yegor,Krupyakov,2004,KAZ,93.26,1,0,93,0
573,Cesar,Saracho,1994,MEX,93.24,0,3,0,93
574,Kamil,Kulik,2003,POL,93.13,4,0,93,0
575,Jackson,Laundry,1993,CAN,92.79,1,0,93,0
576,Alessandro,De Angelis,2001,ITA,92.26,3,3,44,48
577,Marco,Van Der Stel,1991,NED,91.35,1,2,43,49
578,Lubo,Zhang,2003,CHN,90.46,2,0,90,0
579,Mateo,Pesantez,2005,ECU,90.23,2,0,90,0
580,Reece,Harris,2000,AUS,90.12,1,0,90,0
581,Ben,Cumberland,2003,GBR,90.03,1,0,90,0
582,David,Alvarado Chou,1999,CRC,89.93,1,2,74,16
583,Niall,Cornyn,1996,IRL,89.75,2,1,78,11
584,Xunyu,Bai,1994,CHN,88.97,1,0,89,0
585,Uzziel,Valderrabano Chavez,2002,MEX,87.55,2,0,88,0
586,Andrew,Gordon,1987,GIB,87.5,2,0,88,0
587,Adnan,Alsafadi,2004,SYR,86.91,1,0,87,0
588,Christiaan,Jansen,2007,ARU,86.72,1,0,87,0
588,Rodrigo Marcelo,Leaño Alconz,2001,BOL,86.72,1,0,87,0
588,Sebastian,Morales Arce,2004,CRC,86.72,1,0,87,0
591,Andres,Cendan Llorens,1997,ESP,86.57,1,3,40,46
592,Miguel,Espuna Larramona,2004,ITA,86.39,1,1,45,42
593,Alexandr,Ten,2004,KAZ,86.27,1,0,86,0
594,Joe,Sherman,2003,GBR,85.96,2,1,84,2
595,Filip,Vaclavik,1995,CZE,85.55,2,1,71,14
596,Luka,Dumančić,1998,CRO,83.61,2,0,84,0
597,Ryan,Luczak,2001,USA,82.4,1,0,82,0
598,Mohamed Aziz,Hamdi,2004,TUN,82.36,1,0,82,0
599,Chris,Deegan,1996,AUS,81.93,1,2,9,73
600,Andres,Barrionuevo,1996,ECU,81.82,0,3,0,82
600,Santiago,Sierra,2001,URU,81.82,1,1,69,13
602,Kenshin,Mori,1999,JPN,81.31,2,0,81,0
603,Marcus,Dey,2001,GBR,81.29,1,2,34,47
604,Eirik,Berling Grande,2005,NOR,81.27,2,0,81,0
605,Alikhan,Abusseit,2002,KAZ,81.06,1,0,81,0
606,Kelvin,Gomez,1992,GBR,80.94,2,0,81,0
607,Raphael,Montoya,1995,FRA,80.65,0,3,0,81
608,Louis,Woodgate,2002,GRE,80.63,2,0,81,0
609,Ali,Aldashti,1995,KUW,80.39,1,0,80,0
610,Amin,Saghaeidehkordi,1998,IRI,80.37,1,0,80,0
611,Max,Walther,2003,FIN,80.28,2,0,80,0
612,Pieter,Hoornstra Solano,2004,CRC,80.21,1,0,80,0
612,Hernando,Serna Cordoba,2001,COL,80.21,1,0,80,0
614,Arturo,Guzmán Medina,2004,COL,80.16,2,0,80,0
615,Constantine,Doherty,1995,IRL,79.83,0,5,0,80
616,Murat,Zhaken,2003,KAZ,79.8,1,0,80,0
617,Linus,Lehnen,2000,GER,79.79,3,1,53,27
618,Cédric,Simard,2003,CAN,78.83,2,0,79,0
619,Robert,Czysz,1994,POL,78.74,3,0,79,0
620,Mark,Mandic,1998,SLO,77.54,1,2,52,26
621,Borislav,Palashev,2002,BUL,77.45,2,0,77,0
622,Mikko,Karppinen,1990,FIN,77.24,2,1,64,13
622,Guillem,Montiel Moreno,1999,ESP,77.24,2,1,64,13
624,Cameron,Harris,1998,GBR,76.59,3,3,30,46
625,Tamim Jamal,Al-Kuwari,2000,QAT,76.18,1,0,76,0
626,Dixon,Hernandez,2006,VEN,76.16,2,0,76,0
627,Silas,Engel Plambæk,2003,DEN,75.52,2,0,76,0
628,Chan Uk,Park,1999,KOR,74.88,2,0,75,0
629,Robert,Matto,1975,GIB,74.87,2,0,75,0
629,Ola,Rasmussen Vestbø,2003,NOR,74.87,2,0,75,0
631,Klemen,Bojanc,1998,SLO,74.8,1,3,38,37
632,Osama,Burahmah,1994,KUW,74.36,1,0,74,0
633,Josue Antonio,Moran Martinez,2003,ESA,74.2,1,0,74,0
633,Alejandro,Villota,2006,COL,74.2,1,0,74,0
635,Ji Min,Hong,2005,KOR,73.81,1,0,74,0
636,Vinicius,Avi Santana,2005,BRA,73.29,1,0,73,0
637,Finnley,Oliver,2006,NZL,73.14,1,0,73,0
638,Pau,Gonzalez-Espresati Clement,2002,ESP,73.13,4,1,70,3
639,Miguel,Guzman Tafalla,2003,ESP,72.88,3,0,73,0
640,Troy,Whittington,1999,AUS,72.54,1,2,16,57
641,Adrian,Martinez Bayan,2002,ESP,72.51,3,0,73,0
642,Joona,Tuikka,1988,FIN,71.66,2,0,72,0
643,Joshua,Neervoort,2005,AUS,71.33,1,0,71,0
644,Ran,Sagiv,1997,ISR,71.19,0,3,0,71
645,Vicente,Torrealba,2003,CHI,70.63,2,0,71,0
646,Zach,Leachman,2001,USA,70.5,1,0,71,0
647,Dawser,Rezgui,2004,TUN,70.47,1,0,70,0
648,Zhengyu,Duan,1996,CHN,70.41,1,0,70,0
649,Braxton,Bokos,2004,USA,70.35,3,0,70,0
650,Javier,Coscolla Paraled,2001,ESP,69.87,1,0,70,0
651,Jaspar,Ortfeld,2003,GER,69.75,3,0,70,0
652,Alexander,Kull,2000,GER,69.41,1,0,69,0
653,Rashif,Amila Yaqin,2002,INA,69.35,1,0,69,0
654,Tuur,Lemmens,1997,BEL,69.15,1,2,27,42
655,Mohammed,Al Gheilani,2005,OMA,68.79,1,0,69,0
656,Daniel Oswaldo,Garcia Soto,2002,GUA,68.63,1,0,69,0
656,Nicolas,Gomez,2004,COL,68.63,1,0,69,0
658,Danil,Porodnov,2003,KAZ,68.28,1,0,68,0
659,Rodrigo,Pacheco Gajá,2005,MEX,67.79,1,0,68,0
660,Coen,Anderson,2006,NZL,67.65,1,0,68,0
661,Kirimaru,Masuda,1996,JPN,67.59,2,0,68,0
662,Keegan,Cooke,1997,RSA,67.27,0,1,0,67
662,Jesse,Cuijpers,2002,NED,67.27,2,3,47,21
664,Divan,Du Plooy,2001,"NAM",67.03,1,2,15,52
665,Samuel,O'shea,1998,GIB,67.02,2,0,67,0
666,Arturo,Salinas,2003,CHI,66.94,2,0,67,0
667,Jonathan,Wayaffe,1995,BEL,66.82,1,1,50,17
668,Henrik,Goesch,1994,FIN,66.67,1,1,50,17
669,Samuel,Mileham,1998,AUS,66.4,2,2,53,13
670,Alex,Brackenbury,2003,NZL,66.1,1,0,66,0
671,Guillem,Segura Arnau,1996,ESP,66.06,2,0,66,0
672,Frederick,Webb,1999,GBR,66.04,0,3,0,66
673,Mohamad,Maso,1993,SYR,65.29,0,2,0,65
674,Alejandro,Dominguez Romero,2003,PER,65.21,1,0,65,0
675,Zhao,Tan,2003,CHN,65.13,1,0,65,0
676,Luka,Kosovel,2002,SLO,64.41,2,0,64,0
677,Jorge Luis,Fuentes,1983,MEX,64.28,1,1,28,37
678,Gyuseo,Choi,1994,KOR,63.61,1,0,64,0
679,Davide,Uccellari,1991,ITA,63.5,2,2,30,34
680,Santiago,Buchmann,2002,ARG,63.49,1,0,63,0
680,Jacobo,Rios,2001,COL,63.49,1,0,63,0
680,Mijael Alejandro,Rojas Huanaco,2004,BOL,63.49,1,0,63,0
680,Alexis Gabriel,Vasquez Fernandez,2004,DOM,63.49,1,0,63,0
684,Toby,Croudson,2000,AUS,62.92,0,3,0,63
684,Luca,Fahrenson,2002,GER,62.92,2,2,48,15
686,Mikhail,Antipov,1999,RUS,62.9,0,1,0,63
687,Caua,Diniz,2004,BRA,62.71,2,0,63,0
688,Cooper,Lee,2004,AUS,62.58,1,0,63,0
689,Luis,Ortiz,2000,USA,62.55,0,2,0,63
690,Antoine,L'hôte,2005,SUI,62.53,2,0,63,0
691,Tommaso,Puccini,2004,AUS,61.7,1,1,56,5
692,Matthew,Hermosa,2005,PHI,61.41,2,0,61,0
693,Aurél,Sinkó-Uribe,1999,COL,61.25,1,1,52,10
694,Zeke,Tinley,2000,AUS,61.03,1,0,61,0
695,Sheng Cher Bryce,Chong,1997,SGP,60.93,1,1,35,26
696,Ville-Valtteri,Salonen,2002,FIN,60.51,1,1,46,14
697,Jaime,Rodado Gonzalez,1997,ESP,60.29,2,2,35,26
698,Simon,Viain,1993,FRA,59.16,0,3,0,59
699,Yan Ho,Chu,2005,HKG,58.99,2,0,59,0
700,Juan Jose,Cadavid,1999,COL,58.72,1,0,59,0
700,Juan Manuel,Cordoba Blanco,2002,CRC,58.72,1,0,59,0
700,Fernando,Saquicela Trujillo,2005,ECU,58.72,1,0,59,0
703,Chun Lin,Tseng,2004,TPE,58.42,1,0,58,0
704,Joshua,Gordon-Glassford,2006,NZL,57.88,1,0,58,0
705,Valentino,Agnelli,2003,ARG,56.58,3,0,57,0
706,Daniel,Gossow,2003,USA,56.51,2,0,57,0
707,Faisal,Alharith,1991,KSA,55.77,1,0,56,0
707,Mohamed Brahim,El Menssi,2004,TUN,55.77,1,0,56,0
709,Sergiy,Kurochkin,1988,UKR,55.18,0,4,0,55
710,Daniele,Gambitta,2002,ITA,54.94,1,0,55,0
711,Joseph,Okal,2002,KEN,54.77,0,2,0,55
712,Alon,Cohen,2002,ISR,54.48,1,2,43,12
713,Abdelrahman,Yasser,2000,EGY,54.34,1,1,43,12
714,Sebastián Andrés,Gómez Palta,2005,COL,54.32,1,0,54,0
714,Norman,Herrera Iglesias,2004,CRC,54.32,1,0,54,0
714,Mauro,Quesada Zúñiga,2003,CRC,54.32,1,0,54,0
717,Gus,Marfell,2003,NZL,54.31,2,0,54,0
718,Ronald,Bintang Setiawan,2003,INA,54.04,1,0,54,0
719,Menno,Koolhaas,1995,NED,53.38,0,2,0,53
720,Rom,Rabber,2004,ISR,52.39,2,0,52,0
721,James,Kjellgren-Lewis,2004,AUS,52.22,1,0,52,0
722,Joey,Van 't Verlaat,1999,NED,51.94,3,3,23,29
723,Tom,Van Cappellen,1999,BEL,51.7,1,1,29,23
724,Ouail,Aini,2004,ALG,51.59,1,0,52,0
725,Jiatao,Qin,2002,CHN,51.55,1,0,52,0
726,Gabriel,Barac,2004,CRO,50.83,1,1,38,13
727,Esteban,Bringer,2002,FRA,50.82,1,0,51,0
728,Pieterjan,Van Der Merwe,1996,RSA,50.46,0,1,0,50
729,Roberto,León Pacheco,1985,BOL,50.25,1,0,50,0
730,Noritake,Nagasho,1999,JPN,50.13,1,1,15,35
731,Gregory,Austin,1968,BAR,50,1,0,50,0
731,Qili,Bai,2000,CHN,50,1,0,50,0
731,Vladimir,Danko,1996,SRB,50,1,0,50,0
731,Keith,Galea,1987,MLT,50,1,0,50,0
731,Roland,Neururer,NA,COK,50,1,0,50,0
731,Sigurdur Orn,Ragnarsson,1991,ISL,50,1,0,50,0
731,Kıvanc,Sahinkaya,2002,TUR,50,1,0,50,0
738,Assatbek,Narmetov,2003,KAZ,49.99,1,0,50,0
739,Nicholas,Rachmadi,2001,SGP,49.9,1,1,27,22
740,Timofey,Merkulov,1998,RUS,49.78,0,1,0,50
741,Maurice,Clavel,1988,GER,49.73,1,0,50,0
742,Cole,Jamieson,2004,USA,49.63,1,0,50,0
743,Shaun,Wolfaardt,2005,RSA,49.51,1,1,32,17
744,Matej,Medveczky,2002,SVK,49.24,2,0,49,0
745,Jack,Sosinski,1999,AUS,49.2,0,2,0,49
746,Osvaldo Darell,Zuñiga Fierro,2005,MEX,49.16,1,0,49,0
747,Ivan,Trpchevski,1993,MKD,48.91,1,1,38,11
748,Yuya,Otani,2002,JPN,48.85,1,0,49,0
749,Eduardo,Londoño Naranjo,1997,COL,48.78,1,1,26,23
750,Nicholas,Thompson,2000,AUS,48.3,1,0,48,0
751,Kacper,Stepniak,1994,POL,47.88,1,1,35,13
752,David,Guete,1991,COL,47.74,1,0,48,0
752,Matthew,Mcgoey,1998,USA,47.74,1,0,48,0
754,Thomas,Nielsen,2001,DEN,47.68,2,0,48,0
755,Erick Arturo,Ortigoza Rodriguez,2003,MEX,47.32,2,0,47,0
756,Igor,Dimovski,1978,MKD,47.02,1,1,35,12
757,Alberto,Reyes Morales,2003,MEX,46.64,2,0,47,0
758,Joshua,Ramos,2002,PHI,46.57,1,0,47,0
759,Thomas,Cano Guzman,2003,COL,46.48,1,0,46,0
760,Ábel,Sinkó-Uribe,2001,HUN,46.28,1,3,24,22
761,Armando,Abaunza,1992,PAN,46.25,1,0,46,0
761,Udi,Alhanaty,2000,ISR,46.25,1,0,46,0
761,Gergő,Badar,1990,HUN,46.25,1,0,46,0
761,Remy,Gerard,2001,MRI,46.25,1,0,46,0
761,Burcak,Ozer,2002,TUR,46.25,1,0,46,0
761,Juraj,Polak,1998,SVK,46.25,1,0,46,0
761,Steve,Ritchie,1989,MLT,46.25,1,0,46,0
761,Stefan Karl,Saevarsson,1983,ISL,46.25,1,0,46,0
761,Strahinja,Strelić,1995,SRB,46.25,1,0,46,0
761,Darren,Treasure,1970,BAR,46.25,1,0,46,0
761,Adrian,Wilk,1998,POL,46.25,1,0,46,0
772,Joan,Reixach Abril,2002,ESP,45.44,2,1,39,7
773,Dimitar,Jovanoski,2003,MKD,45.42,1,1,32,13
774,Aurelien,Carre,2004,LUX,45.27,2,0,45,0
775,Paul,Lebois,2001,FRA,45.19,0,3,0,45
776,Malte,Kreibich,2003,GER,45.14,2,0,45,0
777,Veikka,Saren,2002,FIN,45.13,2,1,44,1
778,Connor,Whiteley,1999,AUS,45.01,0,2,0,45
779,Alexandre,Montez,2002,POR,44.98,1,2,4,41
780,Joshua,Fletcher,2005,AUS,44.68,1,0,45,0
781,Jacob,Burgener,2000,USA,44.16,1,0,44,0
781,Elio,Groeneveld Meijer,1997,ARG,44.16,1,0,44,0
783,Boris,Andreev,2000,BUL,44.14,1,0,44,0
783,Albert,Askengren,1995,SWE,44.14,1,0,44,0
785,Yanjie,Li,2004,CHN,44.11,1,0,44,0
786,Jorre,Van De Weyer,2001,BEL,43.86,1,3,24,19
787,Jakob,Von Müller,2004,GER,43.28,2,0,43,0
788,Daniel,Arias Jimenez,2001,CRC,42.99,1,0,43,0
788,Mateo,Garzon Mosquera,2003,ECU,42.99,1,0,43,0
790,Oliver,Hostrup Sahlberg,2003,DEN,42.83,2,2,23,20
791,Josef,Azzopardi,1984,MLT,42.78,1,0,43,0
791,Levente,Berekméri,1997,HUN,42.78,1,0,43,0
791,Dieter,Boeye,1995,BEL,42.78,1,0,43,0
791,Arda,Depe,2001,TUR,42.78,1,0,43,0
791,Andrejs,Dmitrijevs,1985,LAT,42.78,1,0,43,0
791,João Francisco,Ferreira,1993,POR,42.78,1,0,43,0
791,Maamar Fethi,Ghouti,1996,ALG,42.78,1,0,43,0
791,Eoin,Lyons,1990,IRL,42.78,1,0,43,0
791,Jakob,Mamič,2003,SLO,42.78,1,0,43,0
791,Nikola,Medan,2000,SRB,42.78,1,0,43,0
791,Moritz,Meier,2000,AUT,42.78,1,0,43,0
791,Lexnier,Núñez Moreno,2002,CUB,42.78,1,0,43,0
803,Mehdi,Essadiq,1986,MAR,42.6,0,1,0,43
804,Dan,Tomiuchi,1994,JPN,42.49,2,0,42,0
805,Ivan,Nagel,2006,AUS,41.33,1,0,41,0
806,Christoph,Pölzgutter,2000,AUT,41.07,0,2,0,41
807,Gregory,Harper,1992,USA,40.85,1,0,41,0
807,Pedro Felipe,Souza Fernandes Silva,2002,BRA,40.85,1,0,41,0
807,Luis,Steiert,2002,GER,40.85,1,0,41,0
810,Tom,Lerno,2003,FRA,40.49,1,0,40,0
811,Damien,Andrada,2002,FRA,40.42,2,1,36,5
812,Ivo Jovan,Dimovski,2003,MKD,40.23,1,1,30,11
813,Daniil,Zubtsov,2001,KAZ,40.19,1,0,40,0
814,Edson,Gomez Ruiz,1993,MEX,40.02,0,1,0,40
815,Oleksiy,Astafyev,1999,UKR,39.96,1,2,6,34
816,Youri,Keulen,1998,NED,39.95,0,2,0,40
817,Mathieu,Benoit,1999,CAN,39.88,1,0,40,0
818,Alejandro,Gomez Gonzalez,1999,COL,39.77,1,0,40,0
818,Daniel,Nietzen Rivera,2006,CRC,39.77,1,0,40,0
818,Joseyavier,Ortiz,2003,PUR,39.77,1,0,40,0
821,Axel,Baumans,1996,BEL,39.75,0,2,0,40
821,Sébastien,Pascal,1996,TRI,39.75,0,2,0,40
823,Christopher,Buhagiar,1988,MLT,39.57,1,0,40,0
823,Mihail,Chindris,1997,ROU,39.57,1,0,40,0
823,David,Füzesy,1993,HUN,39.57,1,0,40,0
823,Wojciech,Kopyciński,2002,POL,39.57,1,0,40,0
823,Jure,Majdič,1983,SLO,39.57,1,0,40,0
823,Joaquín,Mojica Baquero,2002,COL,39.57,2,0,40,0
823,Boris,Ristanovic,1992,SRB,39.57,1,0,40,0
823,Batuhan,Sağin,2002,TUR,39.57,1,0,40,0
823,David,Sheridan,1986,IRL,39.57,1,0,40,0
823,Kristoffer,Säfström,NA,SWE,39.57,1,0,40,0
823,Zhao,Tan,2003,CHN,39.57,1,0,40,0
823,Pavol,Zacik,1999,SVK,39.57,1,0,40,0
835,Mohammadyaser,Sajjad,2005,IRI,39.56,1,0,40,0
836,Lukáš,Juránek,2002,CZE,39.12,3,2,23,16
837,Yann,Allichon,1996,FRA,39.08,0,2,0,39
838,Osian,Perrin,2003,GBR,38.19,1,0,38,0
839,Filip,Lizak,2004,SVK,37.84,2,0,38,0
840,Tomas,Clivio,1999,ARG,37.79,1,0,38,0
840,Bruno,Larios Solis,1997,MEX,37.79,1,0,38,0
842,Belmin,Godinjak,1999,BIH,37.77,1,0,38,0
842,Gustav,Røn-Buskov,2005,DEN,37.77,1,0,38,0
844,Anuar,Turubayev,1994,KAZ,37.74,1,0,38,0
845,"Li Rong, Luke",Chua,2001,SGP,37.5,1,0,38,0
845,Marc,Decaul,1981,GRN,37.5,1,0,38,0
845,Lukas,Kocar,1992,CZE,37.5,1,0,38,0
845,Marcos,Machado,1976,SKN,37.5,1,0,38,0
845,Bastian,Peitersen,1998,DEN,37.5,1,0,38,0
845,Thomas,Sayer,1992,FRA,37.5,1,0,38,0
845,Albion,Ymeri,1995,KOS,37.5,1,0,38,0
852,Vicent,Gandía Revert,2001,ESP,37.36,2,1,32,5
853,Sebastian,Bauer,1997,AUT,37.2,1,0,37,0
854,Kirill,Rozhkov,1999,KAZ,37.17,1,0,37,0
855,Kurt,Fryer,1998,AUS,37.12,0,1,0,37
856,Matias,Verdezoto Paguay,2004,ECU,36.79,1,0,37,0
857,Oskar,Arvidsson,2002,SWE,36.6,1,0,37,0
857,Kristjan,Briffa,NA,MLT,36.6,1,0,37,0
857,Rongheng,Chen,2003,CHN,36.6,1,0,37,0
857,Yuval,Hadash,2001,ISR,36.6,1,0,37,0
857,Jakub,Juskowiak,2001,POL,36.6,1,0,37,0
857,Jaak,Kimmel,1989,EST,36.6,1,0,37,0
857,Matus,Kozlovsky,1998,SVK,36.6,1,0,37,0
857,Marjan,Lukic,1975,SRB,36.6,1,0,37,0
857,Daniel,Niederreiter,1978,AUT,36.6,1,0,37,0
857,Anthony,Obrien,1991,IRL,36.6,1,0,37,0
857,Zoltán,Petsuk,1983,HUN,36.6,1,0,37,0
857,Žan,Pogačar,NA,SLO,36.6,1,0,37,0
857,Kristupas,Rimkus,2004,LTU,36.6,1,0,37,0
857,Julian,Viñales,2001,GIB,36.6,1,0,37,0
857,Enes Emir,Çetiner,2002,TUR,36.6,1,0,37,0
872,Ruka,Kai,2000,JPN,35.76,1,0,36,0
873,Carlos,Lozano Fernandez,2000,ESP,35.73,2,0,36,0
874,Nathan,Grondin,2003,CAN,35.63,2,0,36,0
875,Ivan,Ivanov,1989,UKR,35.53,2,1,23,12
876,Jan,Celustka,1982,CZE,35.38,0,2,0,35
877,Wout,Ghielens,2003,BEL,35.32,1,0,35,0
878,Alvaro,Martínez García,1998,ESP,35.29,2,0,35,0
879,Brian Omar,Orozco,2002,MEX,34.95,1,0,35,0
880,Emil,Frayon,2002,SWE,34.94,1,0,35,0
880,Dejan,Popovic,1987,SRB,34.94,1,0,35,0
882,Robert,Liddie,1984,SKN,34.69,1,0,35,0
882,Jesse,Okal,2000,KEN,34.69,0,1,0,35
882,Bruno,Plantegenest,1962,GRN,34.69,1,0,35,0
885,Camilo Humberto,Estupiñan Bohorquez,1995,COL,34.66,2,0,35,0
886,Juyoung,Kim,2001,KOR,34.38,1,0,34,0
887,David Lucas,Oliveira Souza,2001,BRA,34.22,1,1,22,12
888,Tien Yu,Chiang,2004,TPE,33.85,1,0,34,0
889,Thomas,Pietrera,1996,FRA,33.81,0,2,0,34
890,Dries,Matthys,1997,BEL,33.44,0,1,0,33
891,Domen,Bojanc,2005,SLO,33.09,2,0,33,0
892,Kolos,Trungel-Nagy,2004,HUN,32.68,1,0,33,0
893,Luciano Hernan,Frías Carrizo,2006,ARG,32.33,1,0,32,0
893,Carlos,Gutierrez,2004,ECU,32.33,1,0,32,0
893,Louis,Marchand,2003,CAN,32.33,1,0,32,0
896,Miguel Angel,Rubio Medina,2003,MEX,32.15,1,1,22,10
897,Alexander,Bründl,1996,AUT,32.09,1,0,32,0
897,Tomas,Burbulis,1990,LTU,32.09,1,0,32,0
897,Ronan,Chapulis,1987,SKN,32.09,1,0,32,0
897,"Jian Hong, Cedric",Chua,1998,SGP,32.09,1,0,32,0
897,Simon,De Cuyper,1986,BEL,32.09,1,0,32,0
897,Tadeas,Fazekas,1996,SVK,32.09,1,0,32,0
897,David,Korous,2004,CZE,32.09,1,0,32,0
897,Karl,Mell,2001,EST,32.09,1,0,32,0
897,Carol,Popa,2006,ROU,32.09,1,0,32,0
897,Tin,Rebic,2004,CRO,32.09,1,0,32,0
897,Philip,Refslund,2001,DEN,32.09,1,0,32,0
897,James,Teagle,1996,GBR,32.09,1,0,32,0
909,Jamie,Price,1998,GBR,31.76,0,1,0,32
910,Jaime,González Buganza,1994,MEX,31.63,0,2,0,32
911,Samuel,Zuluaga Cardona,2005,COL,31.47,1,0,31,0
912,Aryandra,Fauzi Mauludin,2004,INA,31.31,1,0,31,0
913,Sergio,Abundis Naranjo,1996,MEX,29.91,1,0,30,0
914,Črt,Verbič,2003,SLO,29.89,1,0,30,0
915,Maayan,Glantz,2004,ISR,29.68,1,0,30,0
915,Victor Manuel,Herrera De La Hoz,1997,CUB,29.68,1,0,30,0
915,Ahmad Arif,Ibrahim,1993,SGP,29.68,1,0,30,0
915,Mantas,Jonikas,1980,LTU,29.68,1,0,30,0
915,Keith,Laguea,1974,GIB,29.68,1,0,30,0
915,Joona,Lehtonen,2001,FIN,29.68,1,0,30,0
915,Raul,Petre,2006,ROU,29.68,1,0,30,0
915,Oscar,Riis,2003,DEN,29.68,1,0,30,0
915,Marek,Smetana,1997,SVK,29.68,1,0,30,0
915,Jakub,Souček,2005,CZE,29.68,1,0,30,0
915,Joshua,Steytler,2003,RSA,29.68,1,0,30,0
915,Alex,Van Buttingha Wichers,2003,IRL,29.68,1,0,30,0
915,Gerardo,Vergara,1989,GUA,29.68,1,0,30,0
928,Max,Meckel,2002,GER,29.64,1,0,30,0
928,Reuben,Trotter,2000,GBR,29.64,1,0,30,0
930,James,Shalvoy,1993,USA,29.44,1,0,29,0
931,Eduardo Antonio,Castellanos,1998,MEX,29.3,0,1,0,29
932,Panayiotis,Antoniou,1996,CYP,29.17,0,2,0,29
933,Trevor,Foley,1999,USA,29.11,0,2,0,29
934,Ka Ho,Wong,2006,HKG,28.96,1,0,29,0
935,Luca,Ascenco,2005,BRA,28.76,1,0,29,0
936,Zalán,Hóbor,2004,HUN,28.53,1,1,20,8
937,Joji,Nitta,1994,JPN,28.3,1,0,28,0
938,Aichlinn,O'Reilly,1995,IRL,27.75,0,2,0,28
939,Eli,Hemming,1995,USA,27.74,0,1,0,28
940,Simon,Lindblom,2001,SWE,27.65,1,0,28,0
941,Nicholas,Free,1998,AUS,27.47,0,1,0,27
942,Pijus,Dapkus,2004,LTU,27.45,1,0,27,0
942,Kiril,Dichevski,1994,MKD,27.45,1,0,27,0
942,Ethan,Doherty,2006,IRL,27.45,1,0,27,0
942,Marcos,Fernández González,2004,CUB,27.45,1,0,27,0
942,Luis Jairo,Hichai Aguilar,2004,GUA,27.45,1,0,27,0
942,Jan,Odehnal,NA,CZE,27.45,1,0,27,0
942,Dalibor,Riska,2000,SVK,27.45,1,0,27,0
942,Gabriel David,Rodríguez Sánchez,2001,VEN,27.45,1,0,27,0
942,Catalin,Sviderski,2005,ROU,27.45,1,0,27,0
951,Fynn,Batkin,2001,GBR,27.24,1,1,23,4
952,Thomas,Windischbauer,2003,AUT,27.08,1,1,24,3
953,Andreas,Yiafas,1983,CYP,26.98,0,2,0,27
954,Roman,Kariev,2006,UZB,26.79,1,0,27,0
955,Brooklyn,Henry,2003,AUS,26.67,1,1,21,6
956,Tony,Smoragiewicz,1994,USA,25.94,0,1,0,26
957,Oliver,Gorges,1998,LUX,25.65,0,1,0,26
958,Jonas,Mier,2001,GER,25.56,1,0,26,0
959,Dmitry,Polyanskiy,1986,RUS,25.08,0,2,0,25
960,Artem,Stopnevich,2000,CYP,24.96,0,2,0,25
961,Quentin,Barreau,1995,FRA,24.84,0,1,0,25
962,João Vitor,Mazorca,2005,BRA,24.6,1,0,25,0
963,Scott,McClymont,1998,GER,23.75,0,2,0,24
964,Thiago,Gomide Moreira,2001,BRA,23.67,1,0,24,0
964,Fernando,Martinez Roman,1999,MEX,23.67,1,0,24,0
964,Brad,Murray,1999,USA,23.67,1,0,24,0
967,Alexandros,Dimitriou,2002,CYP,23.08,0,2,0,23
968,Jimmy,Kershaw,1996,GBR,22.98,0,1,0,23
969,Nicholas,Pilgrim,2003,BER,22.76,1,0,23,0
970,Alexandre,Silva,2002,POR,22.21,0,1,0,22
971,William,Taylor,2003,NZL,22.19,1,0,22,0
972,Riccardo,Brighi,2000,ITA,21.95,0,2,0,22
973,Xoel,Rodriguez Abad,2002,ESP,21.89,1,0,22,0
973,Brener,Valencia Nuñez,2001,PER,21.89,1,0,22,0
975,Wei Kai,Wang,1994,TPE,21.71,0,1,0,22
976,Eduardo,Padilla Vargas,1995,MEX,21.45,0,1,0,21
977,Diogo,Tomé,2003,POR,21.13,1,0,21,0
978,Ander,Michelena Beltran De Heredia,2002,ESP,20.83,2,0,21,0
979,Jun Da Benjamin,Khoo,1991,SGP,20.77,0,1,0,21
980,Lars,Schnider,2003,SUI,20.49,2,0,20,0
981,Christian,Hattingh,2004,RSA,20.36,0,1,0,20
982,Galver Andres,Alarcon Posligua,2001,ECU,20.25,1,0,20,0
982,César,Ortega Cabral,2002,MEX,20.25,1,0,20,0
982,Daniel,Ubilla Sababa,2006,CHI,20.25,1,0,20,0
985,Ben,Kanute,1992,USA,20.14,0,1,0,20
986,Krzysztof,Hadas,1996,POL,20.08,0,1,0,20
987,Duncan,Frey,2002,GER,20.07,1,0,20,0
988,Liam,Mccoach,1998,AUS,19.89,0,1,0,20
989,Darcy,Williams,2003,AUS,19.77,0,1,0,20
990,Yuya,Kobayashi,1999,JPN,19.55,1,0,20,0
991,Fabrizio Valentin,Pavoni,2005,ARG,19.47,1,0,19,0
992,Timothy,Cosulich,1980,SGP,19.21,0,1,0,19
993,Gustavo,Do Canto,2004,POR,18.93,1,0,19,0
994,Rossouw,Venter,2002,RSA,18.84,0,1,0,19
995,Nicolas,Bolouri,2003,CAN,18.73,1,0,19,0
996,John Paul,Makona,2003,KEN,18.67,0,1,0,19
997,Igor,Polyanskiy,1990,RUS,18.33,0,2,0,18
998,Sebastián Ignacio,Colillanca Uribe,2005,CHI,18.01,1,0,18,0
999,Gen Lin,Foo,1983,SGP,17.77,0,1,0,18
1000,Naminosuke,Mizuno,1999,JPN,17.73,1,0,18,0
1001,Henrik,Hodne Eliassen,2004,NOR,17.65,1,1,16,1
1002,Lane,Hollis,2002,USA,17.33,1,0,17,0
1002,Ayrton,Robledo,2000,ARG,17.33,1,0,17,0
1004,Foster,Doevi,NA,GHA,17.27,0,1,0,17
1005,John,Chicano,1991,PHI,17.18,0,1,0,17
1006,Alberto Bartolomeo,Demarchi,2002,ITA,17.17,1,0,17,0
1006,Miqui,Riera Blesa,2003,ESP,17.17,1,0,17,0
1008,Yuichi,Hosoda,1984,JPN,16.67,0,1,0,17
1008,Mikita,Katsianeu,1996,BLR,16.67,0,1,0,17
1008,Vladislav,Munteanu,1996,MDA,16.67,0,1,0,17
1008,Rudolf,Naude,1991,RSA,16.67,0,1,0,17
1008,Domenico,Passuello,1978,ITA,16.67,0,1,0,17
1008,Jaunius,Strazdas,1996,LTU,16.67,0,1,0,17
1008,Ivan,Tutukin,1986,KAZ,16.67,0,1,0,17
1015,Andrew,Remolino,2000,PHI,16.4,1,0,16,0
1016,Olaf Jan,Bosscher,2002,NED,16.22,3,0,16,0
1017,Ignacio,Flores Arana,2006,CHI,16.03,1,0,16,0
1017,Rene,Martinez Garcia,2001,MEX,16.03,1,0,16,0
1019,Soud,Hassan,1999,KEN,15.97,0,1,0,16
1019,Ebenezar,Osabutey,2002,GHA,15.97,0,1,0,16
1021,Jose Isaac,Valencia Villaverde,1992,MEX,15.91,0,1,0,16
1022,Hugo Jan,Bosscher,2000,NED,15.69,1,1,3,13
1023,Emirhan,Altıntaş,1997,TUR,15.42,0,1,0,15
1023,Mikita,Bely,1995,BLR,15.42,0,1,0,15
1023,Denis,Cercasin,2004,MDA,15.42,0,1,0,15
1023,Haydn,Corke,1992,RSA,15.42,0,1,0,15
1023,Bruno,Festorazzi,1997,URU,15.42,0,1,0,15
1023,Sonoo,Hurry,1998,MRI,15.42,0,1,0,15
1023,Timi,Malinen,1999,FIN,15.42,0,1,0,15
1023,Matija,Meden,1993,SLO,15.42,0,1,0,15
1031,Pavel,Sorokin,2002,RUS,15.04,0,1,0,15
1032,Gergő Gyula,Soós,2004,HUN,14.98,1,0,15,0
1033,Mahamadou Souley,Amore,NA,NIG,14.77,0,1,0,15
1033,Nicolae,Seitan,1997,ROU,14.77,0,1,0,15
1035,Gorka,Rodríguez Hernández,2003,ESP,14.69,1,0,15,0
1035,Lars,Van Der Knaap,1999,NED,14.69,1,0,15,0
1037,Kilian,Carpentier,2002,FRA,14.56,0,1,0,15
1038,Jose Angel,Alaniz Ordoñez,2001,MEX,14.52,0,1,0,15
1039,Jordan,Chugg,2003,AUS,14.47,0,1,0,14
1040,Santiago,Aldao Lopez,1987,URU,14.26,0,1,0,14
1040,Charles,Cartier,1971,MRI,14.26,0,1,0,14
1040,Reinaldo,Colucci,1985,BRA,14.26,0,1,0,14
1040,Cody,Coombe-Davis,NA,RSA,14.26,0,1,0,14
1040,Kamil,Damentka,1998,POL,14.26,0,1,0,14
1040,Michele,Marchelli,1995,ITA,14.26,0,1,0,14
1040,Titas,Pumputis,1997,LTU,14.26,0,1,0,14
1040,Aliaksandr,Vasilevich,1986,BLR,14.26,0,1,0,14
1048,Fabio,Nauer,2003,SUI,14.12,1,0,14,0
1049,Bejamin,Espinoza Fuente,2006,CHI,13.71,1,0,14,0
1050,Daniel,Tolosa Aguelo,2000,ESP,13.59,1,0,14,0
1051,Antonio,Limoli,1998,ITA,13.5,2,0,14,0
1052,Alexis,Lepage,1994,CAN,13.44,0,1,0,13
1053,Phillip,Mccatty,1984,JAM,13.33,0,1,0,13
1053,Diogo,Sclebin,1982,BRA,13.33,0,1,0,13
1053,Sadiq,Yahaya,2002,NGR,13.33,0,1,0,13
1053,Darren,Young,1970,SAM,13.33,0,1,0,13
1057,Benjamin,Ovalle Marinovic,2001,CHI,13.29,0,1,0,13
1058,Tim,Hayward,NA,RSA,13.19,0,1,0,13
1058,Ivan,Menshykov,1994,UKR,13.19,0,1,0,13
1058,Marco,Rinaldi,1994,ITA,13.19,0,1,0,13
1058,Tsikhan,Shchamialiou,2000,BLR,13.19,0,1,0,13
1062,Victor Hugo,Lopes Pereira Da Silva,2003,BRA,12.69,1,0,13,0
1063,Franco,Pesavento,1997,ITA,12.5,0,1,0,13
1064,Neal,Van Vaerenbergh,1996,BEL,12.49,1,0,12,0
1065,Derek,Oskutis,1987,USA,12.43,0,1,0,12
1066,Nouh Abdallah,Benmira,2001,ALG,12.33,0,1,0,12
1066,Matthew,Howden,1986,SAM,12.33,0,1,0,12
1066,Adrien,Rossignon,1993,LUX,12.33,0,1,0,12
1066,Federico,Venegas,1990,CRC,12.33,0,1,0,12
1070,Juan,Araya Paquay,1999,CHI,12.29,0,1,0,12
1071,Alessandro,De Gasperi,1980,ITA,12.2,0,1,0,12
1071,Gabriel,Lingeri,1987,URU,12.2,0,1,0,12
1071,Dehan,Louw,NA,RSA,12.2,0,1,0,12
1071,Anton,Ponomarev,1997,RUS,12.2,0,1,0,12
1071,Tero,Setola,1979,FIN,12.2,0,1,0,12
1071,Przemyslaw,Szymanowski,1986,POL,12.2,0,1,0,12
1071,Tasos,Tseronis,1979,CYP,12.2,0,1,0,12
1078,Joao,Victor Pereira,2004,BRA,11.73,1,0,12,0
1079,Matteo,Perri,2000,ITA,11.63,1,0,12,0
1080,Alessandro,Saravalle,1996,ITA,11.56,0,1,0,12
1081,Jose Ignacio,Galvez Ponce,2001,ESP,11.55,1,0,12,0
1082,Mitchell,Reinhard,2000,AUS,11.53,0,1,0,12
1083,Mohamed-Samy,Agab,2004,ALG,11.41,0,1,0,11
1083,Steve,Brown,NA,SAM,11.41,0,1,0,11
1083,Eduardo,Lass,1992,BRA,11.41,0,1,0,11
1083,Silvije,Tomac,1994,CRO,11.41,0,1,0,11
1087,Guy,Evans-Haggerty,1999,GBR,11.27,0,1,0,11
1088,Omar,Alaa,2001,EGY,10.7,0,1,0,11
1088,Manuel,Bortolas,1986,ITA,10.7,0,1,0,11
1090,Hayden,Small,2005,AUS,10.59,0,1,0,11
1091,Hampus,Månsson,2002,SWE,10.55,0,1,0,11
1091,Bruno,Vieira,1997,BRA,10.55,0,1,0,11
1093,Pablo,Abad Castillo,2003,ESP,9.95,1,0,10,0
1094,Mahmoud,Hassan,2001,EGY,9.89,0,1,0,10
1094,Mattia,Tanara,2000,ITA,9.89,0,1,0,10
1096,Mitchell,Blackbourn,2005,AUS,9.8,0,1,0,10
1097,Rodrigo,Rodrigues,2003,POR,9.76,0,1,0,10
1097,Matko,Saric,2002,CRO,9.76,0,1,0,10
1099,Julian,Piller,2004,AUT,9.65,2,0,10,0
1100,Víctor,Bouzón García,2001,ESP,9.2,1,0,9,0
1101,Martin,Sauser,2002,SUI,9.19,1,0,9,0
1102,Gabriele,Carretta,1987,ITA,9.15,0,1,0,9
1102,Andreas,Doulappas,1994,CYP,9.15,0,1,0,9
1104,Elliot,Roberts,2001,AUS,9.12,0,1,0,9
1105,Hidde,Mollee,2003,NED,8.68,1,0,9,0
1106,Diego,Mentrida Zamarra,1999,ESP,8.51,1,0,9,0
1107,Ruben,Pereira Garcia,1994,ESP,8.46,1,0,8,0
1108,Shaun,Harris,2003,AUS,8.38,0,1,0,8
1109,Danilo,Pimentel,1986,BRA,8.05,0,1,0,8
1110,Simon,Michalek,2005,CZE,8.03,1,0,8,0
1111,Cavan,Wilson,2000,USA,7.95,1,0,8,0
1112,Nicolás,Heredero Carazo,2002,ESP,7.88,1,0,8,0
1113,Harvey,Lanigan,2003,AUS,7.76,0,1,0,8
1114,Hugo,Figueiredo,2001,POR,7.69,1,0,8,0
1115,Ondrej,Gajdoš,2004,CZE,7.43,1,0,7,0
1116,Till,Clijsen,2003,SUI,7.28,1,0,7,0
1116,Dominik,Dańkowski,2000,POL,7.28,1,0,7,0
1118,Tristan,Price,2004,AUS,7.17,0,1,0,7
1119,João,Chagas,2001,POR,7.06,0,1,0,7
1120,Matthias,Steinwandter,1993,ITA,6.74,1,0,7,0
1121,Jack,Staples,2002,NZL,6.68,0,1,0,7
1122,Billy,Zavetsanos,2005,AUS,6.64,0,1,0,7
1123,Elie,Combat,2003,FRA,6.18,0,1,0,6
1123,Ethan,Stretton,2002,AUS,6.18,0,1,0,6
1125,Harry,Smith,2005,AUS,5.68,0,1,0,6
1126,Mark,Vysotskiy,2002,RUS,5.46,0,1,0,5
1127,Filip,Glapa,2004,POL,5.44,1,0,5,0
1128,Noam,Escarabajal Hernández,2003,ESP,5.33,1,0,5,0
1129,Ryan,Marsh,2003,AUS,5.29,0,1,0,5
1130,Matthew,Murray,1998,USA,5.27,0,1,0,5
1131,Facundo,Medard,1995,ARG,5.22,0,1,0,5
1132,Péter,Molnár,2002,HUN,5.05,0,1,0,5
1133,Eyal,Weinstein,2005,ISR,5.03,1,0,5,0
1134,Lucas,Goene,2001,NED,4.89,0,1,0,5
1135,Jacob,Mckie,2005,AUS,4.86,0,1,0,5
1136,Sebastian,Rivera Del Hierro,1998,MEX,4.83,0,1,0,5
1137,Alexander,Bozhilov,2005,BUL,4.65,1,0,5,0
1138,Fielding,Fischer,1999,USA,4.51,0,1,0,5
1139,Logan,Campbell,2004,AUS,4.49,0,1,0,4
1140,Paul,Frayon,2004,SWE,3.98,1,0,4,0
1141,Tao,Jouineau,2002,FRA,3.7,0,1,0,4
1142,Ákos,Kárpáti,2004,HUN,3.68,1,0,4,0
1143,Hugo,Ramos Del Barco,2000,ESP,3.61,1,0,4,0
1144,Lukas,Bentsen,2003,DEN,3.48,1,1,3,1
1145,Matt,Howard,2002,GBR,2.93,0,1,0,3
1146,Simon,Duwat,1997,FRA,2.62,0,1,0,3
1147,Nevan,Vimos Kocbek,2005,SLO,2.49,1,0,2,0
1148,Martin,Laurent,1997,FRA,2.42,0,1,0,2
1149,Matisse,Lacroix,2003,FRA,2.07,0,1,0,2
1150,David,Vollmann,2003,AUT,1.83,0,1,0,2
1151,Matej,Dečman,2000,SLO,1.8,0,1,0,2
1152,Pierre,Ludwiczak,2002,FRA,1.69,0,1,0,2
1153,Peter,Zacik,1999,SVK,1.67,0,1,0,2
1154,Lukas,Meckel,2004,GER,1.24,0,1,0,1
1155,Joshua,Lewis,1993,GBR,0.95,0,1,0,1
1156,Mikhail,Bastrakov,2003,RUS,0.72,0,1,0,1
1157,Jakub,Marek,2003,CZE,0.67,0,1,0,1
